ID,VARIABLE,PARAMETER,VALUE,TIMESTAMP
1,USTAR_MP_METHOD,SUCCESS_RUN,1,2010
1,USTAR_MP_METHOD,SUCCESS_RUN,1,2011
1,USTAR_MP_METHOD,SUCCESS_RUN,1,2012
2,USTAR_CP_METHOD,SUCCESS_RUN,0,2010
2,USTAR_CP_METHOD,SUCCESS_RUN,1,2011
2,USTAR_CP_METHOD,SUCCESS_RUN,0,2012
3,NEE_CUT_USTAR50,USTAR_THRESHOLD,0.265298,-9999
4,NEE_VUT_USTAR50,USTAR_THRESHOLD,0.276327,2010
4,NEE_VUT_USTAR50,USTAR_THRESHOLD,0.265298,2011
4,NEE_VUT_USTAR50,USTAR_THRESHOLD,0.278628,2012
5,NEE_CUT_REF,HH_USTAR_PERCENTILE,53.75,-9999
5,NEE_CUT_REF,HH_USTAR_THRESHOLD,0.269581,-9999
6,NEE_VUT_REF,HH_USTAR_PERCENTILE,48.75,2010
6,NEE_VUT_REF,HH_USTAR_THRESHOLD,0.275519,2010
6,NEE_VUT_REF,HH_USTAR_PERCENTILE,48.75,2011
6,NEE_VUT_REF,HH_USTAR_THRESHOLD,0.263789,2011
6,NEE_VUT_REF,HH_USTAR_PERCENTILE,48.75,2012
6,NEE_VUT_REF,HH_USTAR_THRESHOLD,0.277331,2012
7,NEE_CUT_REF,DD_USTAR_PERCENTILE,56.25,-9999
7,NEE_CUT_REF,DD_USTAR_THRESHOLD,0.272022,-9999
8,NEE_VUT_REF,DD_USTAR_PERCENTILE,48.75,2010
8,NEE_VUT_REF,DD_USTAR_THRESHOLD,0.275519,2010
8,NEE_VUT_REF,DD_USTAR_PERCENTILE,48.75,2011
8,NEE_VUT_REF,DD_USTAR_THRESHOLD,0.263789,2011
8,NEE_VUT_REF,DD_USTAR_PERCENTILE,48.75,2012
8,NEE_VUT_REF,DD_USTAR_THRESHOLD,0.277331,2012
9,NEE_CUT_REF,WW_USTAR_PERCENTILE,56.25,-9999
9,NEE_CUT_REF,WW_USTAR_THRESHOLD,0.272022,-9999
10,NEE_VUT_REF,WW_USTAR_PERCENTILE,81.25,2010
10,NEE_VUT_REF,WW_USTAR_THRESHOLD,0.298296,2010
10,NEE_VUT_REF,WW_USTAR_PERCENTILE,81.25,2011
10,NEE_VUT_REF,WW_USTAR_THRESHOLD,0.293026,2011
10,NEE_VUT_REF,WW_USTAR_PERCENTILE,81.25,2012
10,NEE_VUT_REF,WW_USTAR_THRESHOLD,0.299836,2012
11,NEE_CUT_REF,MM_USTAR_PERCENTILE,61.25,-9999
11,NEE_CUT_REF,MM_USTAR_THRESHOLD,0.277083,-9999
12,NEE_VUT_REF,MM_USTAR_PERCENTILE,81.25,2010
12,NEE_VUT_REF,MM_USTAR_THRESHOLD,0.298296,2010
12,NEE_VUT_REF,MM_USTAR_PERCENTILE,81.25,2011
12,NEE_VUT_REF,MM_USTAR_THRESHOLD,0.293026,2011
12,NEE_VUT_REF,MM_USTAR_PERCENTILE,81.25,2012
12,NEE_VUT_REF,MM_USTAR_THRESHOLD,0.299836,2012
13,NEE_CUT_REF,YY_USTAR_PERCENTILE,86.25,-9999
13,NEE_CUT_REF,YY_USTAR_THRESHOLD,0.300351,-9999
14,NEE_VUT_REF,YY_USTAR_PERCENTILE,81.25,2010
14,NEE_VUT_REF,YY_USTAR_THRESHOLD,0.298296,2010
14,NEE_VUT_REF,YY_USTAR_PERCENTILE,81.25,2011
14,NEE_VUT_REF,YY_USTAR_THRESHOLD,0.293026,2011
14,NEE_VUT_REF,YY_USTAR_PERCENTILE,81.25,2012
14,NEE_VUT_REF,YY_USTAR_THRESHOLD,0.299836,2012
15,RECO_NT_CUT_REF,HH_USTAR_PERCENTILE,31.25,-9999
15,RECO_NT_CUT_REF,HH_USTAR_THRESHOLD,0.224663,-9999
16,RECO_NT_VUT_REF,HH_USTAR_PERCENTILE,33.75,2010
16,RECO_NT_VUT_REF,HH_USTAR_THRESHOLD,0.250774,2010
16,RECO_NT_VUT_REF,HH_USTAR_PERCENTILE,33.75,2011
16,RECO_NT_VUT_REF,HH_USTAR_THRESHOLD,0.231837,2011
16,RECO_NT_VUT_REF,HH_USTAR_PERCENTILE,33.75,2012
16,RECO_NT_VUT_REF,HH_USTAR_THRESHOLD,0.265328,2012
17,RECO_NT_CUT_REF,DD_USTAR_PERCENTILE,41.25,-9999
17,RECO_NT_CUT_REF,DD_USTAR_THRESHOLD,0.248592,-9999
18,RECO_NT_VUT_REF,DD_USTAR_PERCENTILE,33.75,2010
18,RECO_NT_VUT_REF,DD_USTAR_THRESHOLD,0.250774,2010
18,RECO_NT_VUT_REF,DD_USTAR_PERCENTILE,33.75,2011
18,RECO_NT_VUT_REF,DD_USTAR_THRESHOLD,0.231837,2011
18,RECO_NT_VUT_REF,DD_USTAR_PERCENTILE,33.75,2012
18,RECO_NT_VUT_REF,DD_USTAR_THRESHOLD,0.265328,2012
19,RECO_NT_CUT_REF,WW_USTAR_PERCENTILE,41.25,-9999
19,RECO_NT_CUT_REF,WW_USTAR_THRESHOLD,0.248592,-9999
20,RECO_NT_VUT_REF,WW_USTAR_PERCENTILE,28.75,2010
20,RECO_NT_VUT_REF,WW_USTAR_THRESHOLD,0.215702,2010
20,RECO_NT_VUT_REF,WW_USTAR_PERCENTILE,28.75,2011
20,RECO_NT_VUT_REF,WW_USTAR_THRESHOLD,0.2224,2011
20,RECO_NT_VUT_REF,WW_USTAR_PERCENTILE,28.75,2012
20,RECO_NT_VUT_REF,WW_USTAR_THRESHOLD,0.261058,2012
21,RECO_NT_CUT_REF,MM_USTAR_PERCENTILE,31.25,-9999
21,RECO_NT_CUT_REF,MM_USTAR_THRESHOLD,0.224663,-9999
22,RECO_NT_VUT_REF,MM_USTAR_PERCENTILE,33.75,2010
22,RECO_NT_VUT_REF,MM_USTAR_THRESHOLD,0.250774,2010
22,RECO_NT_VUT_REF,MM_USTAR_PERCENTILE,33.75,2011
22,RECO_NT_VUT_REF,MM_USTAR_THRESHOLD,0.231837,2011
22,RECO_NT_VUT_REF,MM_USTAR_PERCENTILE,33.75,2012
22,RECO_NT_VUT_REF,MM_USTAR_THRESHOLD,0.265328,2012
23,RECO_NT_CUT_REF,YY_USTAR_PERCENTILE,31.25,-9999
23,RECO_NT_CUT_REF,YY_USTAR_THRESHOLD,0.224663,-9999
24,RECO_NT_VUT_REF,YY_USTAR_PERCENTILE,41.25,2010
24,RECO_NT_VUT_REF,YY_USTAR_THRESHOLD,0.267835,2010
24,RECO_NT_VUT_REF,YY_USTAR_PERCENTILE,41.25,2011
24,RECO_NT_VUT_REF,YY_USTAR_THRESHOLD,0.248592,2011
24,RECO_NT_VUT_REF,YY_USTAR_PERCENTILE,41.25,2012
24,RECO_NT_VUT_REF,YY_USTAR_THRESHOLD,0.27178,2012
25,GPP_NT_CUT_REF,HH_USTAR_PERCENTILE,46.25,-9999
25,GPP_NT_CUT_REF,HH_USTAR_THRESHOLD,0.260913,-9999
26,GPP_NT_VUT_REF,HH_USTAR_PERCENTILE,41.25,2010
26,GPP_NT_VUT_REF,HH_USTAR_THRESHOLD,0.267835,2010
26,GPP_NT_VUT_REF,HH_USTAR_PERCENTILE,41.25,2011
26,GPP_NT_VUT_REF,HH_USTAR_THRESHOLD,0.248592,2011
26,GPP_NT_VUT_REF,HH_USTAR_PERCENTILE,41.25,2012
26,GPP_NT_VUT_REF,HH_USTAR_THRESHOLD,0.27178,2012
27,GPP_NT_CUT_REF,DD_USTAR_PERCENTILE,41.25,-9999
27,GPP_NT_CUT_REF,DD_USTAR_THRESHOLD,0.248592,-9999
28,GPP_NT_VUT_REF,DD_USTAR_PERCENTILE,31.25,2010
28,GPP_NT_VUT_REF,DD_USTAR_THRESHOLD,0.227005,2010
28,GPP_NT_VUT_REF,DD_USTAR_PERCENTILE,31.25,2011
28,GPP_NT_VUT_REF,DD_USTAR_THRESHOLD,0.224663,2011
28,GPP_NT_VUT_REF,DD_USTAR_PERCENTILE,31.25,2012
28,GPP_NT_VUT_REF,DD_USTAR_THRESHOLD,0.263787,2012
29,GPP_NT_CUT_REF,WW_USTAR_PERCENTILE,41.25,-9999
29,GPP_NT_CUT_REF,WW_USTAR_THRESHOLD,0.248592,-9999
30,GPP_NT_VUT_REF,WW_USTAR_PERCENTILE,31.25,2010
30,GPP_NT_VUT_REF,WW_USTAR_THRESHOLD,0.227005,2010
30,GPP_NT_VUT_REF,WW_USTAR_PERCENTILE,31.25,2011
30,GPP_NT_VUT_REF,WW_USTAR_THRESHOLD,0.224663,2011
30,GPP_NT_VUT_REF,WW_USTAR_PERCENTILE,31.25,2012
30,GPP_NT_VUT_REF,WW_USTAR_THRESHOLD,0.263787,2012
31,GPP_NT_CUT_REF,MM_USTAR_PERCENTILE,41.25,-9999
31,GPP_NT_CUT_REF,MM_USTAR_THRESHOLD,0.248592,-9999
32,GPP_NT_VUT_REF,MM_USTAR_PERCENTILE,31.25,2010
32,GPP_NT_VUT_REF,MM_USTAR_THRESHOLD,0.227005,2010
32,GPP_NT_VUT_REF,MM_USTAR_PERCENTILE,31.25,2011
32,GPP_NT_VUT_REF,MM_USTAR_THRESHOLD,0.224663,2011
32,GPP_NT_VUT_REF,MM_USTAR_PERCENTILE,31.25,2012
32,GPP_NT_VUT_REF,MM_USTAR_THRESHOLD,0.263787,2012
33,GPP_NT_CUT_REF,YY_USTAR_PERCENTILE,56.25,-9999
33,GPP_NT_CUT_REF,YY_USTAR_THRESHOLD,0.272022,-9999
34,GPP_NT_VUT_REF,YY_USTAR_PERCENTILE,76.25,2010
34,GPP_NT_VUT_REF,YY_USTAR_THRESHOLD,0.292902,2010
34,GPP_NT_VUT_REF,YY_USTAR_PERCENTILE,76.25,2011
34,GPP_NT_VUT_REF,YY_USTAR_THRESHOLD,0.288362,2011
34,GPP_NT_VUT_REF,YY_USTAR_PERCENTILE,76.25,2012
34,GPP_NT_VUT_REF,YY_USTAR_THRESHOLD,0.294037,2012
35,RECO_DT_CUT_REF,HH_USTAR_PERCENTILE,68.75,-9999
35,RECO_DT_CUT_REF,HH_USTAR_THRESHOLD,0.283173,-9999
36,RECO_DT_VUT_REF,HH_USTAR_PERCENTILE,41.25,2010
36,RECO_DT_VUT_REF,HH_USTAR_THRESHOLD,0.267835,2010
36,RECO_DT_VUT_REF,HH_USTAR_PERCENTILE,41.25,2011
36,RECO_DT_VUT_REF,HH_USTAR_THRESHOLD,0.248592,2011
36,RECO_DT_VUT_REF,HH_USTAR_PERCENTILE,41.25,2012
36,RECO_DT_VUT_REF,HH_USTAR_THRESHOLD,0.27178,2012
37,RECO_DT_CUT_REF,DD_USTAR_PERCENTILE,68.75,-9999
37,RECO_DT_CUT_REF,DD_USTAR_THRESHOLD,0.283173,-9999
38,RECO_DT_VUT_REF,DD_USTAR_PERCENTILE,41.25,2010
38,RECO_DT_VUT_REF,DD_USTAR_THRESHOLD,0.267835,2010
38,RECO_DT_VUT_REF,DD_USTAR_PERCENTILE,41.25,2011
38,RECO_DT_VUT_REF,DD_USTAR_THRESHOLD,0.248592,2011
38,RECO_DT_VUT_REF,DD_USTAR_PERCENTILE,41.25,2012
38,RECO_DT_VUT_REF,DD_USTAR_THRESHOLD,0.27178,2012
39,RECO_DT_CUT_REF,WW_USTAR_PERCENTILE,91.25,-9999
39,RECO_DT_CUT_REF,WW_USTAR_THRESHOLD,0.309653,-9999
40,RECO_DT_VUT_REF,WW_USTAR_PERCENTILE,41.25,2010
40,RECO_DT_VUT_REF,WW_USTAR_THRESHOLD,0.267835,2010
40,RECO_DT_VUT_REF,WW_USTAR_PERCENTILE,41.25,2011
40,RECO_DT_VUT_REF,WW_USTAR_THRESHOLD,0.248592,2011
40,RECO_DT_VUT_REF,WW_USTAR_PERCENTILE,41.25,2012
40,RECO_DT_VUT_REF,WW_USTAR_THRESHOLD,0.27178,2012
41,RECO_DT_CUT_REF,MM_USTAR_PERCENTILE,91.25,-9999
41,RECO_DT_CUT_REF,MM_USTAR_THRESHOLD,0.309653,-9999
42,RECO_DT_VUT_REF,MM_USTAR_PERCENTILE,41.25,2010
42,RECO_DT_VUT_REF,MM_USTAR_THRESHOLD,0.267835,2010
42,RECO_DT_VUT_REF,MM_USTAR_PERCENTILE,41.25,2011
42,RECO_DT_VUT_REF,MM_USTAR_THRESHOLD,0.248592,2011
42,RECO_DT_VUT_REF,MM_USTAR_PERCENTILE,41.25,2012
42,RECO_DT_VUT_REF,MM_USTAR_THRESHOLD,0.27178,2012
43,RECO_DT_CUT_REF,YY_USTAR_PERCENTILE,91.25,-9999
43,RECO_DT_CUT_REF,YY_USTAR_THRESHOLD,0.309653,-9999
44,RECO_DT_VUT_REF,YY_USTAR_PERCENTILE,93.75,2010
44,RECO_DT_VUT_REF,YY_USTAR_THRESHOLD,0.321015,2010
44,RECO_DT_VUT_REF,YY_USTAR_PERCENTILE,93.75,2011
44,RECO_DT_VUT_REF,YY_USTAR_THRESHOLD,0.316096,2011
44,RECO_DT_VUT_REF,YY_USTAR_PERCENTILE,93.75,2012
44,RECO_DT_VUT_REF,YY_USTAR_THRESHOLD,0.322961,2012
45,GPP_DT_CUT_REF,HH_USTAR_PERCENTILE,78.75,-9999
45,GPP_DT_CUT_REF,HH_USTAR_THRESHOLD,0.291473,-9999
46,GPP_DT_VUT_REF,HH_USTAR_PERCENTILE,41.25,2010
46,GPP_DT_VUT_REF,HH_USTAR_THRESHOLD,0.267835,2010
46,GPP_DT_VUT_REF,HH_USTAR_PERCENTILE,41.25,2011
46,GPP_DT_VUT_REF,HH_USTAR_THRESHOLD,0.248592,2011
46,GPP_DT_VUT_REF,HH_USTAR_PERCENTILE,41.25,2012
46,GPP_DT_VUT_REF,HH_USTAR_THRESHOLD,0.27178,2012
47,GPP_DT_CUT_REF,DD_USTAR_PERCENTILE,68.75,-9999
47,GPP_DT_CUT_REF,DD_USTAR_THRESHOLD,0.283173,-9999
48,GPP_DT_VUT_REF,DD_USTAR_PERCENTILE,71.25,2010
48,GPP_DT_VUT_REF,DD_USTAR_THRESHOLD,0.288508,2010
48,GPP_DT_VUT_REF,DD_USTAR_PERCENTILE,71.25,2011
48,GPP_DT_VUT_REF,DD_USTAR_THRESHOLD,0.285164,2011
48,GPP_DT_VUT_REF,DD_USTAR_PERCENTILE,71.25,2012
48,GPP_DT_VUT_REF,DD_USTAR_THRESHOLD,0.291146,2012
49,GPP_DT_CUT_REF,WW_USTAR_PERCENTILE,68.75,-9999
49,GPP_DT_CUT_REF,WW_USTAR_THRESHOLD,0.283173,-9999
50,GPP_DT_VUT_REF,WW_USTAR_PERCENTILE,71.25,2010
50,GPP_DT_VUT_REF,WW_USTAR_THRESHOLD,0.288508,2010
50,GPP_DT_VUT_REF,WW_USTAR_PERCENTILE,71.25,2011
50,GPP_DT_VUT_REF,WW_USTAR_THRESHOLD,0.285164,2011
50,GPP_DT_VUT_REF,WW_USTAR_PERCENTILE,71.25,2012
50,GPP_DT_VUT_REF,WW_USTAR_THRESHOLD,0.291146,2012
51,GPP_DT_CUT_REF,MM_USTAR_PERCENTILE,78.75,-9999
51,GPP_DT_CUT_REF,MM_USTAR_THRESHOLD,0.291473,-9999
52,GPP_DT_VUT_REF,MM_USTAR_PERCENTILE,71.25,2010
52,GPP_DT_VUT_REF,MM_USTAR_THRESHOLD,0.288508,2010
52,GPP_DT_VUT_REF,MM_USTAR_PERCENTILE,71.25,2011
52,GPP_DT_VUT_REF,MM_USTAR_THRESHOLD,0.285164,2011
52,GPP_DT_VUT_REF,MM_USTAR_PERCENTILE,71.25,2012
52,GPP_DT_VUT_REF,MM_USTAR_THRESHOLD,0.291146,2012
53,GPP_DT_CUT_REF,YY_USTAR_PERCENTILE,68.75,-9999
53,GPP_DT_CUT_REF,YY_USTAR_THRESHOLD,0.283173,-9999
54,GPP_DT_VUT_REF,YY_USTAR_PERCENTILE,58.75,2010
54,GPP_DT_VUT_REF,YY_USTAR_THRESHOLD,0.281336,2010
54,GPP_DT_VUT_REF,YY_USTAR_PERCENTILE,58.75,2011
54,GPP_DT_VUT_REF,YY_USTAR_THRESHOLD,0.275519,2011
54,GPP_DT_VUT_REF,YY_USTAR_PERCENTILE,58.75,2012
54,GPP_DT_VUT_REF,YY_USTAR_THRESHOLD,0.284026,2012
55,USTAR_CUT,USTAR_PERCENTILE,1.25,-9999
55,USTAR_CUT,USTAR_THRESHOLD,0.16045,-9999
56,USTAR_CUT,USTAR_PERCENTILE,3.75,-9999
56,USTAR_CUT,USTAR_THRESHOLD,0.17052,-9999
57,USTAR_CUT,USTAR_PERCENTILE,6.25,-9999
57,USTAR_CUT,USTAR_THRESHOLD,0.177541,-9999
58,USTAR_CUT,USTAR_PERCENTILE,8.75,-9999
58,USTAR_CUT,USTAR_THRESHOLD,0.182037,-9999
59,USTAR_CUT,USTAR_PERCENTILE,11.25,-9999
59,USTAR_CUT,USTAR_THRESHOLD,0.18622,-9999
60,USTAR_CUT,USTAR_PERCENTILE,13.75,-9999
60,USTAR_CUT,USTAR_THRESHOLD,0.197408,-9999
61,USTAR_CUT,USTAR_PERCENTILE,16.25,-9999
61,USTAR_CUT,USTAR_THRESHOLD,0.205005,-9999
62,USTAR_CUT,USTAR_PERCENTILE,18.75,-9999
62,USTAR_CUT,USTAR_THRESHOLD,0.207462,-9999
63,USTAR_CUT,USTAR_PERCENTILE,21.25,-9999
63,USTAR_CUT,USTAR_THRESHOLD,0.209819,-9999
64,USTAR_CUT,USTAR_PERCENTILE,23.75,-9999
64,USTAR_CUT,USTAR_THRESHOLD,0.212198,-9999
65,USTAR_CUT,USTAR_PERCENTILE,26.25,-9999
65,USTAR_CUT,USTAR_THRESHOLD,0.215899,-9999
66,USTAR_CUT,USTAR_PERCENTILE,28.75,-9999
66,USTAR_CUT,USTAR_THRESHOLD,0.2224,-9999
67,USTAR_CUT,USTAR_PERCENTILE,31.25,-9999
67,USTAR_CUT,USTAR_THRESHOLD,0.224663,-9999
68,USTAR_CUT,USTAR_PERCENTILE,33.75,-9999
68,USTAR_CUT,USTAR_THRESHOLD,0.231837,-9999
69,USTAR_CUT,USTAR_PERCENTILE,36.25,-9999
69,USTAR_CUT,USTAR_THRESHOLD,0.235663,-9999
70,USTAR_CUT,USTAR_PERCENTILE,38.75,-9999
70,USTAR_CUT,USTAR_THRESHOLD,0.23971,-9999
71,USTAR_CUT,USTAR_PERCENTILE,41.25,-9999
71,USTAR_CUT,USTAR_THRESHOLD,0.248592,-9999
72,USTAR_CUT,USTAR_PERCENTILE,43.75,-9999
72,USTAR_CUT,USTAR_THRESHOLD,0.255395,-9999
73,USTAR_CUT,USTAR_PERCENTILE,46.25,-9999
73,USTAR_CUT,USTAR_THRESHOLD,0.260913,-9999
74,USTAR_CUT,USTAR_PERCENTILE,48.75,-9999
74,USTAR_CUT,USTAR_THRESHOLD,0.263789,-9999
75,USTAR_CUT,USTAR_PERCENTILE,50.00,-9999
75,USTAR_CUT,USTAR_THRESHOLD,0.265298,-9999
76,USTAR_CUT,USTAR_PERCENTILE,51.25,-9999
76,USTAR_CUT,USTAR_THRESHOLD,0.267283,-9999
77,USTAR_CUT,USTAR_PERCENTILE,53.75,-9999
77,USTAR_CUT,USTAR_THRESHOLD,0.269581,-9999
78,USTAR_CUT,USTAR_PERCENTILE,56.25,-9999
78,USTAR_CUT,USTAR_THRESHOLD,0.272022,-9999
79,USTAR_CUT,USTAR_PERCENTILE,58.75,-9999
79,USTAR_CUT,USTAR_THRESHOLD,0.275519,-9999
80,USTAR_CUT,USTAR_PERCENTILE,61.25,-9999
80,USTAR_CUT,USTAR_THRESHOLD,0.277083,-9999
81,USTAR_CUT,USTAR_PERCENTILE,63.75,-9999
81,USTAR_CUT,USTAR_THRESHOLD,0.279589,-9999
82,USTAR_CUT,USTAR_PERCENTILE,66.25,-9999
82,USTAR_CUT,USTAR_THRESHOLD,0.281258,-9999
83,USTAR_CUT,USTAR_PERCENTILE,68.75,-9999
83,USTAR_CUT,USTAR_THRESHOLD,0.283173,-9999
84,USTAR_CUT,USTAR_PERCENTILE,71.25,-9999
84,USTAR_CUT,USTAR_THRESHOLD,0.285164,-9999
85,USTAR_CUT,USTAR_PERCENTILE,73.75,-9999
85,USTAR_CUT,USTAR_THRESHOLD,0.286962,-9999
86,USTAR_CUT,USTAR_PERCENTILE,76.25,-9999
86,USTAR_CUT,USTAR_THRESHOLD,0.288362,-9999
87,USTAR_CUT,USTAR_PERCENTILE,78.75,-9999
87,USTAR_CUT,USTAR_THRESHOLD,0.291473,-9999
88,USTAR_CUT,USTAR_PERCENTILE,81.25,-9999
88,USTAR_CUT,USTAR_THRESHOLD,0.293026,-9999
89,USTAR_CUT,USTAR_PERCENTILE,83.75,-9999
89,USTAR_CUT,USTAR_THRESHOLD,0.296451,-9999
90,USTAR_CUT,USTAR_PERCENTILE,86.25,-9999
90,USTAR_CUT,USTAR_THRESHOLD,0.300351,-9999
91,USTAR_CUT,USTAR_PERCENTILE,88.75,-9999
91,USTAR_CUT,USTAR_THRESHOLD,0.304634,-9999
92,USTAR_CUT,USTAR_PERCENTILE,91.25,-9999
92,USTAR_CUT,USTAR_THRESHOLD,0.309653,-9999
93,USTAR_CUT,USTAR_PERCENTILE,93.75,-9999
93,USTAR_CUT,USTAR_THRESHOLD,0.316096,-9999
94,USTAR_CUT,USTAR_PERCENTILE,96.25,-9999
94,USTAR_CUT,USTAR_THRESHOLD,0.32659,-9999
95,USTAR_CUT,USTAR_PERCENTILE,98.75,-9999
95,USTAR_CUT,USTAR_THRESHOLD,0.351896,-9999
96,USTAR_VUT,USTAR_PERCENTILE,1.25,2010
96,USTAR_VUT,USTAR_THRESHOLD,0.159503,2010
97,USTAR_VUT,USTAR_PERCENTILE,3.75,2010
97,USTAR_VUT,USTAR_THRESHOLD,0.166767,2010
98,USTAR_VUT,USTAR_PERCENTILE,6.25,2010
98,USTAR_VUT,USTAR_THRESHOLD,0.173253,2010
99,USTAR_VUT,USTAR_PERCENTILE,8.75,2010
99,USTAR_VUT,USTAR_THRESHOLD,0.177633,2010
100,USTAR_VUT,USTAR_PERCENTILE,11.25,2010
100,USTAR_VUT,USTAR_THRESHOLD,0.181527,2010
101,USTAR_VUT,USTAR_PERCENTILE,13.75,2010
101,USTAR_VUT,USTAR_THRESHOLD,0.184641,2010
102,USTAR_VUT,USTAR_PERCENTILE,16.25,2010
102,USTAR_VUT,USTAR_THRESHOLD,0.190455,2010
103,USTAR_VUT,USTAR_PERCENTILE,18.75,2010
103,USTAR_VUT,USTAR_THRESHOLD,0.201091,2010
104,USTAR_VUT,USTAR_PERCENTILE,21.25,2010
104,USTAR_VUT,USTAR_THRESHOLD,0.205612,2010
105,USTAR_VUT,USTAR_PERCENTILE,23.75,2010
105,USTAR_VUT,USTAR_THRESHOLD,0.20838,2010
106,USTAR_VUT,USTAR_PERCENTILE,26.25,2010
106,USTAR_VUT,USTAR_THRESHOLD,0.212198,2010
107,USTAR_VUT,USTAR_PERCENTILE,28.75,2010
107,USTAR_VUT,USTAR_THRESHOLD,0.215702,2010
108,USTAR_VUT,USTAR_PERCENTILE,31.25,2010
108,USTAR_VUT,USTAR_THRESHOLD,0.227005,2010
109,USTAR_VUT,USTAR_PERCENTILE,33.75,2010
109,USTAR_VUT,USTAR_THRESHOLD,0.250774,2010
110,USTAR_VUT,USTAR_PERCENTILE,36.25,2010
110,USTAR_VUT,USTAR_THRESHOLD,0.260164,2010
111,USTAR_VUT,USTAR_PERCENTILE,38.75,2010
111,USTAR_VUT,USTAR_THRESHOLD,0.26383,2010
112,USTAR_VUT,USTAR_PERCENTILE,41.25,2010
112,USTAR_VUT,USTAR_THRESHOLD,0.267835,2010
113,USTAR_VUT,USTAR_PERCENTILE,43.75,2010
113,USTAR_VUT,USTAR_THRESHOLD,0.270549,2010
114,USTAR_VUT,USTAR_PERCENTILE,46.25,2010
114,USTAR_VUT,USTAR_THRESHOLD,0.27363,2010
115,USTAR_VUT,USTAR_PERCENTILE,48.75,2010
115,USTAR_VUT,USTAR_THRESHOLD,0.275519,2010
116,USTAR_VUT,USTAR_PERCENTILE,50.00,2010
116,USTAR_VUT,USTAR_THRESHOLD,0.276327,2010
117,USTAR_VUT,USTAR_PERCENTILE,51.25,2010
117,USTAR_VUT,USTAR_THRESHOLD,0.276951,2010
118,USTAR_VUT,USTAR_PERCENTILE,53.75,2010
118,USTAR_VUT,USTAR_THRESHOLD,0.278628,2010
119,USTAR_VUT,USTAR_PERCENTILE,56.25,2010
119,USTAR_VUT,USTAR_THRESHOLD,0.280132,2010
120,USTAR_VUT,USTAR_PERCENTILE,58.75,2010
120,USTAR_VUT,USTAR_THRESHOLD,0.281336,2010
121,USTAR_VUT,USTAR_PERCENTILE,61.25,2010
121,USTAR_VUT,USTAR_THRESHOLD,0.282776,2010
122,USTAR_VUT,USTAR_PERCENTILE,63.75,2010
122,USTAR_VUT,USTAR_THRESHOLD,0.284533,2010
123,USTAR_VUT,USTAR_PERCENTILE,66.25,2010
123,USTAR_VUT,USTAR_THRESHOLD,0.286102,2010
124,USTAR_VUT,USTAR_PERCENTILE,68.75,2010
124,USTAR_VUT,USTAR_THRESHOLD,0.287401,2010
125,USTAR_VUT,USTAR_PERCENTILE,71.25,2010
125,USTAR_VUT,USTAR_THRESHOLD,0.288508,2010
126,USTAR_VUT,USTAR_PERCENTILE,73.75,2010
126,USTAR_VUT,USTAR_THRESHOLD,0.291146,2010
127,USTAR_VUT,USTAR_PERCENTILE,76.25,2010
127,USTAR_VUT,USTAR_THRESHOLD,0.292902,2010
128,USTAR_VUT,USTAR_PERCENTILE,78.75,2010
128,USTAR_VUT,USTAR_THRESHOLD,0.294552,2010
129,USTAR_VUT,USTAR_PERCENTILE,81.25,2010
129,USTAR_VUT,USTAR_THRESHOLD,0.298296,2010
130,USTAR_VUT,USTAR_PERCENTILE,83.75,2010
130,USTAR_VUT,USTAR_THRESHOLD,0.301354,2010
131,USTAR_VUT,USTAR_PERCENTILE,86.25,2010
131,USTAR_VUT,USTAR_THRESHOLD,0.305382,2010
132,USTAR_VUT,USTAR_PERCENTILE,88.75,2010
132,USTAR_VUT,USTAR_THRESHOLD,0.309242,2010
133,USTAR_VUT,USTAR_PERCENTILE,91.25,2010
133,USTAR_VUT,USTAR_THRESHOLD,0.313618,2010
134,USTAR_VUT,USTAR_PERCENTILE,93.75,2010
134,USTAR_VUT,USTAR_THRESHOLD,0.321015,2010
135,USTAR_VUT,USTAR_PERCENTILE,96.25,2010
135,USTAR_VUT,USTAR_THRESHOLD,0.329526,2010
136,USTAR_VUT,USTAR_PERCENTILE,98.75,2010
136,USTAR_VUT,USTAR_THRESHOLD,0.351896,2010
137,USTAR_VUT,USTAR_PERCENTILE,1.25,2011
137,USTAR_VUT,USTAR_THRESHOLD,0.16045,2011
138,USTAR_VUT,USTAR_PERCENTILE,3.75,2011
138,USTAR_VUT,USTAR_THRESHOLD,0.17052,2011
139,USTAR_VUT,USTAR_PERCENTILE,6.25,2011
139,USTAR_VUT,USTAR_THRESHOLD,0.177541,2011
140,USTAR_VUT,USTAR_PERCENTILE,8.75,2011
140,USTAR_VUT,USTAR_THRESHOLD,0.182037,2011
141,USTAR_VUT,USTAR_PERCENTILE,11.25,2011
141,USTAR_VUT,USTAR_THRESHOLD,0.18622,2011
142,USTAR_VUT,USTAR_PERCENTILE,13.75,2011
142,USTAR_VUT,USTAR_THRESHOLD,0.197408,2011
143,USTAR_VUT,USTAR_PERCENTILE,16.25,2011
143,USTAR_VUT,USTAR_THRESHOLD,0.205005,2011
144,USTAR_VUT,USTAR_PERCENTILE,18.75,2011
144,USTAR_VUT,USTAR_THRESHOLD,0.207462,2011
145,USTAR_VUT,USTAR_PERCENTILE,21.25,2011
145,USTAR_VUT,USTAR_THRESHOLD,0.209819,2011
146,USTAR_VUT,USTAR_PERCENTILE,23.75,2011
146,USTAR_VUT,USTAR_THRESHOLD,0.212198,2011
147,USTAR_VUT,USTAR_PERCENTILE,26.25,2011
147,USTAR_VUT,USTAR_THRESHOLD,0.215899,2011
148,USTAR_VUT,USTAR_PERCENTILE,28.75,2011
148,USTAR_VUT,USTAR_THRESHOLD,0.2224,2011
149,USTAR_VUT,USTAR_PERCENTILE,31.25,2011
149,USTAR_VUT,USTAR_THRESHOLD,0.224663,2011
150,USTAR_VUT,USTAR_PERCENTILE,33.75,2011
150,USTAR_VUT,USTAR_THRESHOLD,0.231837,2011
151,USTAR_VUT,USTAR_PERCENTILE,36.25,2011
151,USTAR_VUT,USTAR_THRESHOLD,0.235663,2011
152,USTAR_VUT,USTAR_PERCENTILE,38.75,2011
152,USTAR_VUT,USTAR_THRESHOLD,0.23971,2011
153,USTAR_VUT,USTAR_PERCENTILE,41.25,2011
153,USTAR_VUT,USTAR_THRESHOLD,0.248592,2011
154,USTAR_VUT,USTAR_PERCENTILE,43.75,2011
154,USTAR_VUT,USTAR_THRESHOLD,0.255395,2011
155,USTAR_VUT,USTAR_PERCENTILE,46.25,2011
155,USTAR_VUT,USTAR_THRESHOLD,0.260913,2011
156,USTAR_VUT,USTAR_PERCENTILE,48.75,2011
156,USTAR_VUT,USTAR_THRESHOLD,0.263789,2011
157,USTAR_VUT,USTAR_PERCENTILE,50.00,2011
157,USTAR_VUT,USTAR_THRESHOLD,0.265298,2011
158,USTAR_VUT,USTAR_PERCENTILE,51.25,2011
158,USTAR_VUT,USTAR_THRESHOLD,0.267283,2011
159,USTAR_VUT,USTAR_PERCENTILE,53.75,2011
159,USTAR_VUT,USTAR_THRESHOLD,0.269581,2011
160,USTAR_VUT,USTAR_PERCENTILE,56.25,2011
160,USTAR_VUT,USTAR_THRESHOLD,0.272022,2011
161,USTAR_VUT,USTAR_PERCENTILE,58.75,2011
161,USTAR_VUT,USTAR_THRESHOLD,0.275519,2011
162,USTAR_VUT,USTAR_PERCENTILE,61.25,2011
162,USTAR_VUT,USTAR_THRESHOLD,0.277083,2011
163,USTAR_VUT,USTAR_PERCENTILE,63.75,2011
163,USTAR_VUT,USTAR_THRESHOLD,0.279589,2011
164,USTAR_VUT,USTAR_PERCENTILE,66.25,2011
164,USTAR_VUT,USTAR_THRESHOLD,0.281258,2011
165,USTAR_VUT,USTAR_PERCENTILE,68.75,2011
165,USTAR_VUT,USTAR_THRESHOLD,0.283173,2011
166,USTAR_VUT,USTAR_PERCENTILE,71.25,2011
166,USTAR_VUT,USTAR_THRESHOLD,0.285164,2011
167,USTAR_VUT,USTAR_PERCENTILE,73.75,2011
167,USTAR_VUT,USTAR_THRESHOLD,0.286962,2011
168,USTAR_VUT,USTAR_PERCENTILE,76.25,2011
168,USTAR_VUT,USTAR_THRESHOLD,0.288362,2011
169,USTAR_VUT,USTAR_PERCENTILE,78.75,2011
169,USTAR_VUT,USTAR_THRESHOLD,0.291473,2011
170,USTAR_VUT,USTAR_PERCENTILE,81.25,2011
170,USTAR_VUT,USTAR_THRESHOLD,0.293026,2011
171,USTAR_VUT,USTAR_PERCENTILE,83.75,2011
171,USTAR_VUT,USTAR_THRESHOLD,0.296451,2011
172,USTAR_VUT,USTAR_PERCENTILE,86.25,2011
172,USTAR_VUT,USTAR_THRESHOLD,0.300351,2011
173,USTAR_VUT,USTAR_PERCENTILE,88.75,2011
173,USTAR_VUT,USTAR_THRESHOLD,0.304634,2011
174,USTAR_VUT,USTAR_PERCENTILE,91.25,2011
174,USTAR_VUT,USTAR_THRESHOLD,0.309653,2011
175,USTAR_VUT,USTAR_PERCENTILE,93.75,2011
175,USTAR_VUT,USTAR_THRESHOLD,0.316096,2011
176,USTAR_VUT,USTAR_PERCENTILE,96.25,2011
176,USTAR_VUT,USTAR_THRESHOLD,0.32659,2011
177,USTAR_VUT,USTAR_PERCENTILE,98.75,2011
177,USTAR_VUT,USTAR_THRESHOLD,0.351896,2011
178,USTAR_VUT,USTAR_PERCENTILE,1.25,2012
178,USTAR_VUT,USTAR_THRESHOLD,0.205886,2012
179,USTAR_VUT,USTAR_PERCENTILE,3.75,2012
179,USTAR_VUT,USTAR_THRESHOLD,0.21051,2012
180,USTAR_VUT,USTAR_PERCENTILE,6.25,2012
180,USTAR_VUT,USTAR_THRESHOLD,0.216447,2012
181,USTAR_VUT,USTAR_PERCENTILE,8.75,2012
181,USTAR_VUT,USTAR_THRESHOLD,0.2224,2012
182,USTAR_VUT,USTAR_PERCENTILE,11.25,2012
182,USTAR_VUT,USTAR_THRESHOLD,0.22722,2012
183,USTAR_VUT,USTAR_PERCENTILE,13.75,2012
183,USTAR_VUT,USTAR_THRESHOLD,0.234258,2012
184,USTAR_VUT,USTAR_PERCENTILE,16.25,2012
184,USTAR_VUT,USTAR_THRESHOLD,0.2368,2012
185,USTAR_VUT,USTAR_PERCENTILE,18.75,2012
185,USTAR_VUT,USTAR_THRESHOLD,0.240418,2012
186,USTAR_VUT,USTAR_PERCENTILE,21.25,2012
186,USTAR_VUT,USTAR_THRESHOLD,0.245655,2012
187,USTAR_VUT,USTAR_PERCENTILE,23.75,2012
187,USTAR_VUT,USTAR_THRESHOLD,0.253526,2012
188,USTAR_VUT,USTAR_PERCENTILE,26.25,2012
188,USTAR_VUT,USTAR_THRESHOLD,0.257945,2012
189,USTAR_VUT,USTAR_PERCENTILE,28.75,2012
189,USTAR_VUT,USTAR_THRESHOLD,0.261058,2012
190,USTAR_VUT,USTAR_PERCENTILE,31.25,2012
190,USTAR_VUT,USTAR_THRESHOLD,0.263787,2012
191,USTAR_VUT,USTAR_PERCENTILE,33.75,2012
191,USTAR_VUT,USTAR_THRESHOLD,0.265328,2012
192,USTAR_VUT,USTAR_PERCENTILE,36.25,2012
192,USTAR_VUT,USTAR_THRESHOLD,0.267806,2012
193,USTAR_VUT,USTAR_PERCENTILE,38.75,2012
193,USTAR_VUT,USTAR_THRESHOLD,0.269938,2012
194,USTAR_VUT,USTAR_PERCENTILE,41.25,2012
194,USTAR_VUT,USTAR_THRESHOLD,0.27178,2012
195,USTAR_VUT,USTAR_PERCENTILE,43.75,2012
195,USTAR_VUT,USTAR_THRESHOLD,0.275227,2012
196,USTAR_VUT,USTAR_PERCENTILE,46.25,2012
196,USTAR_VUT,USTAR_THRESHOLD,0.275903,2012
197,USTAR_VUT,USTAR_PERCENTILE,48.75,2012
197,USTAR_VUT,USTAR_THRESHOLD,0.277331,2012
198,USTAR_VUT,USTAR_PERCENTILE,50.00,2012
198,USTAR_VUT,USTAR_THRESHOLD,0.278628,2012
199,USTAR_VUT,USTAR_PERCENTILE,51.25,2012
199,USTAR_VUT,USTAR_THRESHOLD,0.279589,2012
200,USTAR_VUT,USTAR_PERCENTILE,53.75,2012
200,USTAR_VUT,USTAR_THRESHOLD,0.280784,2012
201,USTAR_VUT,USTAR_PERCENTILE,56.25,2012
201,USTAR_VUT,USTAR_THRESHOLD,0.282461,2012
202,USTAR_VUT,USTAR_PERCENTILE,58.75,2012
202,USTAR_VUT,USTAR_THRESHOLD,0.284026,2012
203,USTAR_VUT,USTAR_PERCENTILE,61.25,2012
203,USTAR_VUT,USTAR_THRESHOLD,0.285142,2012
204,USTAR_VUT,USTAR_PERCENTILE,63.75,2012
204,USTAR_VUT,USTAR_THRESHOLD,0.286479,2012
205,USTAR_VUT,USTAR_PERCENTILE,66.25,2012
205,USTAR_VUT,USTAR_THRESHOLD,0.287474,2012
206,USTAR_VUT,USTAR_PERCENTILE,68.75,2012
206,USTAR_VUT,USTAR_THRESHOLD,0.288508,2012
207,USTAR_VUT,USTAR_PERCENTILE,71.25,2012
207,USTAR_VUT,USTAR_THRESHOLD,0.291146,2012
208,USTAR_VUT,USTAR_PERCENTILE,73.75,2012
208,USTAR_VUT,USTAR_THRESHOLD,0.292759,2012
209,USTAR_VUT,USTAR_PERCENTILE,76.25,2012
209,USTAR_VUT,USTAR_THRESHOLD,0.294037,2012
210,USTAR_VUT,USTAR_PERCENTILE,78.75,2012
210,USTAR_VUT,USTAR_THRESHOLD,0.29662,2012
211,USTAR_VUT,USTAR_PERCENTILE,81.25,2012
211,USTAR_VUT,USTAR_THRESHOLD,0.299836,2012
212,USTAR_VUT,USTAR_PERCENTILE,83.75,2012
212,USTAR_VUT,USTAR_THRESHOLD,0.303234,2012
213,USTAR_VUT,USTAR_PERCENTILE,86.25,2012
213,USTAR_VUT,USTAR_THRESHOLD,0.306201,2012
214,USTAR_VUT,USTAR_PERCENTILE,88.75,2012
214,USTAR_VUT,USTAR_THRESHOLD,0.31021,2012
215,USTAR_VUT,USTAR_PERCENTILE,91.25,2012
215,USTAR_VUT,USTAR_THRESHOLD,0.315388,2012
216,USTAR_VUT,USTAR_PERCENTILE,93.75,2012
216,USTAR_VUT,USTAR_THRESHOLD,0.322961,2012
217,USTAR_VUT,USTAR_PERCENTILE,96.25,2012
217,USTAR_VUT,USTAR_THRESHOLD,0.338349,2012
218,USTAR_VUT,USTAR_PERCENTILE,98.75,2012
218,USTAR_VUT,USTAR_THRESHOLD,0.355937,2012
